1520540168.41,7.01378981272,1637,21.0413694382,42.9862101873,1637.51117452,
1520540168.62,16.3841366768,1633,28.1110405922,33.6158633232,1633.23360093,
1520540168.82,27.7553081512,1627,34.1135144234,22.2446918488,1627.30068572,
1520540169.03,34.8495125771,1623,42.3239827156,15.1504874229,1623.65018257,
1520540169.24,41.2458817164,1620,47.3001480103,8.75411828359,1620.16252581,
1520540169.44,47.8821317355,1616,54.0222644806,2.11786826452,1616.26549053,
1520540169.65,53.537050883,1612,59.2887401581,-3.53705088298,1612.73105701,
1520540169.86,59.2873771985,1608,64.5511269569,-9.28737719854,1608.90936613,
1520540170.06,63.6093219121,1605,66.9880986214,-13.6093219121,1605.77182643,
1520540170.27,67.4569567045,1602,70.8316445351,-17.4569567045,1602.76496728,
1520540170.48,68.4859911601,1601,67.6382303238,-18.4859911601,1601.40810696,
1520540170.68,68.9439455668,1600,68.3619618416,-18.9439455668,1600.3755765,
1520540170.89,64.8618817329,1602,58.5854530334,-14.8618817329,1602.23033953,
1520540171.1,59.7235242526,1604,52.2231578827,-9.72352425257,1604.92441305,
1520540171.3,50.7429838181,1610,41.420340538,-0.742983818054,1610.28301795,
1520540171.51,41.9737021128,1615,32.2776079178,8.02629788717,1615.86563889,
1520540171.71,31.3971360524,1622,20.4934597015,18.6028639476,1622.95569309,
1520540171.92,21.3412205378,1630,11.2525939941,28.6587794622,1630.13559357,
1520540172.12,12.7668420474,1636,6.55447244644,37.2331579526,1636.76954699,
1520540172.32,9.06231800715,1640,9.37988758087,40.9376819928,1640.62976869,
1520540172.53,11.6396745046,1640,18.9846634865,38.3603254954,1640.61776781,
1520540172.74,19.6252544721,1637,30.5112123489,30.3747455279,1637.04140965,
1520540172.94,31.5048098564,1630,45.0185537338,18.4951901436,1630.65348403,
1520540173.15,44.5510586103,1623,58.1234097481,5.44894138972,1623.04369243,
1520540173.36,57.4651002884,1614,69.2533373833,-7.46510028839,1614.99666341,
1520540173.57,68.7149683634,1607,78.768157959,-18.7149683634,1607.49814383,
1520540173.77,77.4270057678,1601,84.2595219612,-27.4270057678,1601.17384116,
1520540173.98,83.817923069,1595,88.4260892868,-33.817923069,1595.98657386,
1520540174.19,83.1378062566,1595,76.7278075218,-33.1378062566,1595.06913169,
1520540174.4,81.1601519585,1595,78.3265590668,-31.1601519585,1595.00931819,
1520540174.61,80.2115321159,1594,85.5802297592,-30.2115321159,1594.37002881,
1520540174.82,81.2010407448,1592,79.6963334084,-31.2010407448,1592.52828201,
1520540175.02,78.6850174268,1592,70.7784891129,-28.6850174268,1592.8904953,
1520540175.23,68.280184269,1598,54.3657302856,-18.280184269,1598.40218782,
1520540175.43,54.9599806468,1606,39.7357225418,-4.95998064677,1606.19591077,
1520540175.64,38.6562585831,1616,21.8673229218,11.3437414169,1616.43189367,
1520540175.84,22.5924173991,1627,6.1742067337,27.4075826009,1627.16650168,
1520540176.05,13.1948113441,1634,11.542904377,36.8051886559,1634.27727286,
1520540176.25,13.4742180506,1635,22.7055430412,36.5257819494,1635.57066011,
1520540176.46,23.288889726,1630,35.6182217598,26.711110274,1630.75030152,
1520540176.66,35.2147857348,1624,47.3205924034,14.7852142652,1624.18617249,
1520540176.87,47.2783406576,1617,58.8962078094,2.72165934245,1617.05690591,
1520540177.08,58.7517340978,1609,70.0384020805,-8.7517340978,1609.82280048,
1520540177.28,69.6799437205,1602,80.1052212715,-19.6799437205,1602.47867695,
1520540177.49,79.2724529902,1595,87.6737356186,-29.2724529902,1595.55227327,
1520540177.7,83.7838490804,1591,83.5725903511,-33.7838490804,1591.49408166,
1520540177.91,88.0103866259,1587,92.7848339081,-38.0103866259,1587.43774366,
1520540178.12,88.7981772423,1585,90.0371074677,-38.7981772423,1585.4131422,
1520540178.33,87.4311288198,1584,79.4714450836,-37.4311288198,1584.7361261,
1520540178.53,80.7471752167,1587,72.7329730988,-30.7471752167,1587.51661126,
1520540178.74,70.3259865443,1592,58.7735414505,-20.3259865443,1592.956285,
1520540178.95,57.1325381597,1600,39.8910999298,-7.13253815969,1600.5870525,
1520540179.15,40.0682846705,1611,21.5402126312,9.93171532949,1611.22287321,
1520540179.35,22.7696021398,1622,6.87749385834,27.2303978602,1622.69129864,
1520540179.56,14.6518150965,1628,15.5377388,35.3481849035,1628.97589827,
1520540179.76,16.2410259247,1629,26.3078451157,33.7589740753,1629.37273073,
1520540179.97,25.9425719579,1624,35.982131958,24.0574280421,1624.51410023,
1520540180.17,35.2488597234,1619,43.4566020966,14.7511402766,1619.52037319,
1520540180.38,43.9268231392,1614,52.341735363,6.07317686081,1614.55652221,
1520540180.59,51.1927604675,1610,57.779943943,-1.19276046753,1610.14924939,
1520540180.79,57.8303734461,1605,63.3694410324,-7.83037344615,1605.85346667,
1520540181.0,62.1114293734,1602,65.1849031448,-12.1114293734,1602.80037594,
1520540181.21,64.7528449694,1600,65.704190731,-14.7528449694,1600.62541278,
1520540181.41,64.4161939621,1600,62.3594880104,-14.4161939621,1600.25075563,
1520540181.62,62.3240510623,1601,58.9084744453,-12.3240510623,1601.01307933,
1520540181.83,57.7554106712,1603,51.998269558,-7.75541067123,1603.44404713,
1520540182.04,50.5358139674,1607,40.7006978989,-0.535813967387,1607.7543726,
1520540182.24,40.2740915616,1614,28.1233072281,9.72590843836,1614.30044238,
1520540182.44,27.6517232259,1622,14.1311645508,22.3482767741,1622.76779445,
1520540182.65,15.8566713333,1631,5.31554222107,34.1433286667,1631.21055873,
1520540182.85,10.4784329732,1636,11.9885921478,39.5215670268,1636.01836443,
1520540183.06,13.6050621668,1635,23.5110521317,36.3949378332,1635.59818443,
1520540183.26,22.7805058161,1631,32.8418731689,27.2194941839,1631.181698,
1520540183.47,33.0027023951,1625,42.6551818848,16.9972976049,1625.72827196,
1520540183.68,41.9259985288,1620,50.2809405327,8.0740014712,1620.69725434,
1520540183.88,50.181444486,1615,57.6082110405,-0.181444485982,1615.73672899,
1520540184.09,57.1720639865,1611,63.6270403862,-7.17206398646,1611.25547473,
1520540184.3,63.4553074837,1606,69.1306710243,-13.4553074837,1606.94731633,
1520540184.51,67.8004225095,1603,70.643556118,-17.8004225095,1603.62823041,
1520540184.72,70.9379553795,1600,73.0396389961,-20.9379553795,1600.90819248,
1520540184.93,71.4695096016,1599,70.7253336906,-21.4695096016,1599.73047956,
1520540185.13,70.0970093409,1599,66.526055336,-20.0970093409,1599.75009934,
1520540185.34,65.6960129738,1601,59.8366498947,-15.6960129738,1601.76285664,
1520540185.55,59.145629406,1605,51.0741829872,-9.14562940598,1605.32726161,
1520540185.75,49.963370959,1610,38.979279995,0.036629041036,1610.83808184,
1520540185.96,38.5812958082,1618,25.6904244423,11.4187041918,1618.12407509,
1520540186.16,25.7871945699,1626,12.6918792725,24.2128054301,1626.76904806,
1520540186.37,15.2065396309,1634,7.23731517792,34.7934603691,1634.50917943,
1520540186.57,11.9081775347,1638,15.7953381538,38.0918224653,1638.01186959,
1520540186.78,14.1093571981,1638,19.2954182625,35.8906428019,1638.1267875,
1520540186.98,21.9463745753,1634,30.7483673096,28.0536254247,1634.54672209,
1520540187.19,29.7493179639,1630,39.2041683197,20.2506820361,1630.67498334,
1520540187.4,39.8379445076,1625,49.5612978935,10.1620554924,1625.02828964,
1520540187.61,49.4086464246,1619,59.4604730606,0.591353575389,1619.30952263,
1520540187.81,57.8358252843,1613,64.4857048988,-7.83582528432,1613.9397823,
1520540188.02,64.27308321,1609,68.8730716705,-14.27308321,1609.50650422,
1520540188.23,67.6968375842,1606,69.7317361832,-17.6968375842,1606.74437809,
1520540301.73,2.61824528376,1640,7.85473585129,47.3817547162,1640.48119966,
1520540301.94,6.77527189255,1639,12.4710798264,43.2247281075,1639.14339352,
1520540302.14,13.903550307,1636,21.3848352432,36.096449693,1636.01315928,
1520540302.35,21.8373378118,1632,31.6560983658,28.1626621882,1632.29884235,
1520540302.55,32.4343482653,1626,44.262111187,17.5656517347,1626.37693985,
1520540302.76,44.2457556725,1619,56.8190574646,5.75424432755,1619.39882549,
1520540302.97,57.3724190394,1611,71.0360884666,-7.37241903941,1611.09640511,
1520540303.18,67.2579646111,1604,73.9187479019,-17.2579646111,1604.79887096,
1520540303.39,78.3592700958,1596,90.1229739189,-28.3592700958,1596.88214087,
1520540303.6,87.5238100688,1590,98.5297083855,-37.5238100688,1590.07614104,
1520540303.81,97.2185413043,1582,103.002941608,-47.2185413043,1582.31754152,
1520540304.02,100.202059746,1579,99.0735292435,-50.2020597458,1579.19046934,
1520540304.22,100.332903862,1577,98.9222407341,-50.332903862,1577.38391415,
1520540304.43,97.9272802671,1577,95.7860708237,-47.9272802671,1577.16384387,
1520540304.64,91.3428227107,1579,79.3201565742,-41.3428227107,1579.87868889,
1520540304.85,78.800868988,1586,61.2963795662,-28.800868988,1586.84757598,
1520540305.05,60.3586634,1598,40.4594540596,-10.3586634,1598.08857799,
1520540305.26,39.4685824712,1611,16.6499137878,10.5314175288,1611.28867078,
1520540305.46,22.5815137227,1622,10.6351733208,27.4184862773,1622.11735026,
1520540305.67,16.5217955907,1626,22.2802996635,33.4782044093,1626.00957425,
1520540305.87,22.6278543472,1622,34.9680900574,27.3721456528,1622.22424714,
1520540306.08,34.4896912575,1615,46.2206840515,15.5103087425,1615.15197953,
1520540306.28,46.7576901118,1607,59.0842962265,3.2423098882,1607.88025641,
1520540306.49,63.3190115293,1596,84.6520543098,-13.3190115293,1596.98137085,
1520540306.7,73.580733935,1590,77.0058512688,-23.580733935,1590.51106795,
1520540306.91,81.1710556348,1584,81.8552613258,-31.1710556348,1584.97717277,
1520540307.12,78.6441286405,1586,77.0712733269,-28.6441286405,1586.35928869,
1520540307.32,79.1347940763,1584,78.4778475761,-29.1347940763,1584.59773842,
1520540307.53,75.2026557922,1586,70.0588464737,-25.2026557922,1586.39119554,
1520540307.74,67.9435332616,1590,55.293905735,-17.9435332616,1590.36162615,
1520540307.94,54.5497298241,1598,38.2964372635,-4.54972982407,1598.82938711,
1520540308.15,37.5372687976,1609,19.0214633942,12.4627312024,1609.89723873,
1520540308.35,21.1013396581,1620,5.98611831665,28.8986603419,1620.85708944,
1520540308.56,13.0925893784,1626,14.2701864243,36.9074106216,1626.29591815,
1520540308.76,15.0702436765,1625,24.9544262886,34.9297563235,1625.50787536,
1520540308.97,24.8685598373,1619,35.3810667992,25.1314401627,1619.85207709,
1520540309.18,34.9858085314,1614,44.6219325066,15.0141914686,1614.35040228,
1520540309.38,44.9040651321,1608,54.7091960907,5.09593486786,1608.62318492,
1520540309.59,53.6678949992,1603,61.6725564003,-3.66789499919,1603.33361387,
1520540309.8,59.6253911654,1599,62.4944210052,-9.62539116542,1599.6547339,
1520540310.01,62.9005829493,1597,64.5347714424,-12.9005829493,1597.44182595,
1520540310.21,62.516228358,1597,60.5194926262,-12.516228358,1597.5377442,
1520540310.42,59.6812725067,1599,53.9895534515,-9.68127250671,1599.09652694,
1520540310.63,52.542090416,1603,43.1172251701,-2.54209041595,1603.7087752,
1520540310.83,43.3107654254,1609,32.8255176544,6.68923457464,1609.72435387,
1520540311.04,31.1109145482,1618,17.3900008202,18.8890854518,1618.0966804,
1520540311.24,18.2473023733,1627,4.52638864517,31.7526976267,1627.15133174,
1520540311.44,11.0672314962,1632,11.2853050232,38.9327685038,1632.44833088,
1520540311.65,11.9245330493,1632,19.9619054794,38.0754669507,1632.65323138,
1520540311.85,20.414408048,1627,29.9960136414,29.585591952,1627.97947272,
1520540312.06,29.9101471901,1622,39.7725224495,20.0898528099,1622.98503693,
1520540312.26,38.9084060987,1618,46.9566822052,11.0915939013,1618.07949336,
1520540312.47,46.8544602394,1613,53.8341760635,3.14553976059,1613.54290295,
1520540312.68,53.055926164,1609,58.3769202232,-3.05592616399,1609.87424517,
1520540312.88,57.9148769379,1606,61.5335345268,-7.91487693787,1606.77653114,
1520540313.09,60.5154037476,1605,61.6357564926,-10.5154037476,1605.0214413,
1520540313.3,60.8643213908,1604,59.4236731529,-10.8643213908,1604.60267878,
1520540313.5,58.3782831828,1606,54.0754199028,-8.37828318278,1606.04266596,
1520540313.71,53.0395706495,1609,45.6196188927,-3.03957064946,1609.40957808,
1520540313.91,45.0662573179,1614,35.5037331581,4.93374268214,1614.65437587,
1520540314.12,34.5701058706,1621,22.5869655609,15.4298941294,1621.82154632,
1520540314.32,22.7246244748,1630,10.0831747055,27.2753755252,1630.15478317,
1520540314.53,12.5255982081,1637,4.90665435791,37.4744017919,1637.60852949,
1520540314.73,8.62617095311,1640,10.8886837959,41.3738290469,1640.9731791,
1520540314.93,12.6387238503,1639,22.1208333969,37.3612761497,1639.26890039,
1520540315.14,21.9041228294,1634,32.7028512955,28.0958771706,1634.30821149,
1520540315.34,33.4238568942,1627,45.4478859901,16.5761431058,1627.83398326,
1520540315.55,43.858675162,1621,53.4252882004,6.141324838,1621.92723687,
1520540315.76,54.1885455449,1615,63.6924624443,-4.18854554494,1615.57226761,
1520540315.97,62.6497983932,1610,70.8316445351,-12.6497983932,1610.17638572,
1520540316.17,70.5604155858,1604,77.1571397781,-20.5604155858,1604.66266235,
1520540316.38,75.8377949397,1600,79.5246005058,-25.8377949397,1600.72604672,
1520540316.59,78.5241882006,1598,78.8908243179,-28.5241882006,1598.23234185,
1520540316.8,77.7418494225,1597,74.8101234436,-27.7418494225,1597.93894434,
1520540317.01,73.6775040627,1599,67.3315644264,-23.6775040627,1599.75865205,
1520540317.21,66.651447614,1603,57.8126549721,-16.651447614,1603.60439912,
1520540317.42,56.3720067342,1609,43.9718008041,-6.37200673421,1609.84252183,
1520540317.62,43.3543801308,1618,28.2786846161,6.64561986923,1618.19274116,
1520540317.83,27.9147744179,1628,11.4938378334,22.0852255821,1628.58211152,
1520540318.03,15.4873092969,1637,6.68940544128,34.5126907031,1637.11788416,
1520540318.23,10.7496619225,1640,14.0657424927,39.2503380775,1640.76150433,
1520540318.44,14.3560528755,1639,22.3130106926,35.6439471245,1639.18902381,
1520540318.64,22.9426980019,1634,32.4493408203,27.0573019981,1634.6213034,
1520540318.85,34.8263422648,1627,49.7166752815,15.1736577352,1627.76836324,
1520540319.06,44.8754429817,1622,52.4603128433,5.12455701828,1622.12733944,
1520540319.26,54.6846628189,1616,61.8770003319,-4.68466281891,1616.07840912,
1520540319.47,59.9443236987,1612,65.4956579208,-9.94432369868,1612.97979554,
1520540319.68,65.7927831014,1608,70.0056910515,-15.7927831014,1608.78012872,
1520540319.88,69.400537014,1606,72.7002620697,-19.400537014,1606.06352544,
1520540320.09,71.7448274295,1603,72.5285291672,-21.7448274295,1603.91350444,
1520540320.3,71.3332136472,1603,68.7708497047,-21.3332136472,1603.58273458,
1520540320.51,67.9885109266,1605,62.6661539078,-17.9885109266,1605.16332467,
1520540320.72,62.0132962863,1608,54.6028852463,-12.0132962863,1608.5309728,
1520540320.92,53.0491113663,1614,41.8782949448,-3.04911136627,1614.08641632,
1520540321.13,42.0159538587,1621,29.566681385,7.98404614131,1621.23256993,
1520540321.33,28.353647391,1630,13.6159658432,21.646352609,1630.55872281,
1520540321.54,16.0870114962,1639,5.07838726044,33.9129885038,1639.13565683,
1520540363.28,5.43003082275,1603,16.2900924683,44.5699691772,1603.68753433,
1520540363.49,11.9299848874,1575,19.4998621941,38.0700151126,1441.1489865,
1520540363.7,19.4698770841,1575,22.61967659,30.5301229159,1406.64811214,
1520540363.9,21.2417244911,1579,21.6056346893,28.7582755089,1579.7766784,
1520540364.11,20.5275336901,1655,17.3572897911,29.4724663099,1655.96523778,
1520540364.31,16.2124037743,1700,9.67428684235,33.7875962257,1767.93399302,
1520540364.51,11.1312905947,1700,6.36229515076,38.8687094053,1795.51690722,
1520540364.72,10.1881225904,1673,14.527785778,39.8118774096,1673.53692786,
1520540364.92,17.8016146024,1575,32.5147628784,32.1983853976,1413.55696758,
1520540365.13,34.3970100085,1575,56.148481369,15.6029899915,1134.76674811,
1520540365.34,56.1375776927,1575,79.7494888306,-6.13757769267,967.12173605,
1520540365.55,77.5987386703,1575,96.8982458115,-27.5987386703,961.523291111,
1520540365.76,90.9979939461,1575,96.3462471962,-40.9979939461,1193.70098925,
1520540365.97,100.737702847,1575,108.968615532,-50.7377028465,1295.61404705,
1520540366.18,103.869783878,1575,106.294488907,-53.8697838783,1489.80884314,
1520540366.38,100.721347332,1678,86.9009375572,-50.721347332,1678.08457851,
1520540366.59,92.4168348312,1700,84.0550780296,-42.4168348312,1836.05289125,
1520540366.8,80.6408643723,1700,70.9665775299,-30.6408643723,1946.0365777,
1520540367.01,72.5339810054,1700,62.5802874565,-22.5339810054,1839.92673572,
1520540367.21,65.4847542445,1700,62.907397747,-15.4847542445,1811.80718342,
1520540367.42,64.5579417547,1628,68.1861400604,-14.5579417547,1628.10852512,
1520540367.63,71.5662797292,1575,83.6053013802,-21.5662797292,1384.98635721,
1520540367.84,83.4962646166,1575,98.6973524094,-33.4962646166,1228.83910831,
1520540368.05,91.2596821785,1575,91.476392746,-41.2596821785,1347.52769025,
1520540368.26,96.5479652087,1575,99.4701504707,-46.5479652087,1416.74683777,
1520540368.46,92.3282424609,1700,86.038184166,-42.3282424609,1702.82571507,
1520540368.67,85.8923474948,1700,72.1687078476,-35.8923474948,1771.73672469,
1520540368.88,74.139547348,1700,64.2117500305,-24.139547348,1937.32997831,
1520540369.08,60.0492715836,1700,43.7673568726,-10.0492715836,2015.50644143,
1520540369.29,50.7525245349,1700,44.2784667015,-0.752524534861,1877.24852721,
1520540369.5,46.8135714531,1700,52.3948907852,3.18642854691,1719.00553719,
1520540369.7,54.0631532669,1575,65.516102314,-4.06315326691,1378.83721511,
1520540369.91,65.4343247414,1575,78.3919811249,-15.4343247414,1247.74944941,
1520540370.12,83.103732268,1575,105.403113365,-33.103732268,1046.87657404,
1520540370.33,99.3720173836,1575,114.320957661,-49.3720173836,1077.17439461,
1520540370.54,101.240634918,1575,83.9978337288,-51.2406349182,1505.99362612,
1520540370.75,97.661503156,1669,94.6657180786,-47.661503156,1669.66712395,
1520540370.96,86.8287007014,1700,81.8225502968,-36.8287007014,1892.30377817,
1520540371.16,80.4105242093,1700,64.7433042526,-30.4105242093,1762.49948422,
1520540371.37,66.4170185725,1700,52.6852011681,-16.4170185725,1997.4987812,
1520540371.58,58.7626377741,1700,58.8594079018,-8.76263777415,1811.56715902,
1520540371.79,54.8632105192,1700,53.0450224876,-4.86321051915,1701.06368065,
1520540371.99,58.3101352056,1575,63.0259752274,-8.31013520559,1478.27256219,
1520540372.2,64.9641036987,1575,78.8213133812,-14.9641036987,1377.47030274,
1520540372.41,78.986231486,1575,95.1114058495,-28.986231486,1146.85279799,
1520540372.62,82.7357331912,1575,74.2744803429,-32.7357331912,1451.4724501,
1520540372.83,84.050989151,1575,82.7670812607,-34.050989151,1522.34862932,
1520540373.04,76.655570666,1700,72.9251503944,-26.655570666,1787.03989093,
1520540373.24,68.7272349993,1700,50.4894733429,-18.7272349993,1807.03531837,
1520540373.45,51.8851439158,1700,32.2408080101,-1.88514391581,2084.47782977,
1520540373.66,35.8553767204,1700,24.8358488083,14.1446232796,2070.29175838,
1520540373.86,26.5259186427,1700,22.5010991096,23.4740813573,1875.81912295,
1520540374.07,26.0693271955,1610,30.8710336685,23.9306728045,1610.86430581,
1520540374.27,33.1403613091,1575,46.048951149,16.8596386909,1381.46730407,
1520540374.48,47.3860144615,1575,65.238058567,2.61398553848,1157.78590043,
1520540374.69,65.2843991915,1575,84.5661878586,-15.2843991915,1036.8535463,
1520540374.89,76.3911565145,1575,79.3692231178,-26.3911565145,1232.88266786,
1520540375.1,78.6427656809,1575,71.9928860664,-28.6427656809,1496.04043643,
1520540375.31,69.0216342608,1700,55.7027935982,-19.0216342608,1857.23446751,
1520540375.51,55.1426172256,1700,37.7321720123,-5.14261722565,1993.09274149,
1520540375.72,37.7130905787,1700,19.7043061256,12.2869094213,2110.55722221,
1520540375.92,23.0435570081,1700,11.6941928864,26.9564429919,2037.63740778,
1520540376.13,15.3591910998,1700,14.6790742874,34.6408089002,1834.07862981,
1520540376.33,18.5035387675,1575,29.1373491287,31.4964612325,1508.59047238,
1520540376.54,29.7547698021,1575,45.4478859901,20.2452301979,1259.44304196,
1520540376.75,46.219321092,1575,64.072728157,3.78067890803,1093.31593068,
1520540376.96,61.0265135765,1575,73.5589265823,-11.0265135765,1133.71131881,
1520540377.16,72.3390777906,1575,79.3855786324,-22.3390777906,1230.86906528,
1520540377.37,76.3461788495,1575,76.0940313339,-26.3461788495,1446.57485215,
1520540377.58,74.8073975245,1612,68.9425826073,-24.8073975245,1612.88229656,
1520540377.79,66.5533145269,1700,54.6233296394,-16.5533145269,1818.63166396,
1520540377.99,53.7932872772,1700,37.813949585,-3.79328727722,1961.31427638,
1520540378.2,38.3932073911,1700,22.7423429489,11.6067926089,2050.22017511,
1520540378.4,25.3592252731,1700,15.5213832855,24.6407747269,1988.04326232,
1520540378.61,19.9237426122,1700,21.5075016022,30.0762573878,1764.5526185,
1520540378.81,22.6333061854,1575,30.8710336685,27.3666938146,1519.67016109,
1520540379.02,33.6610118548,1575,48.6045002937,16.3389881452,1264.16283433,
1520540379.23,48.690366745,1575,66.5955662727,1.309633255,1135.1481301,
1520540379.43,63.4266853333,1575,75.0799894333,-13.4266853333,1134.56036059,
1520540379.64,70.6980744998,1575,70.4186677933,-20.6980744998,1353.31748676,
1520540379.85,66.8613433838,1688,55.0853729248,-16.8613433838,1688.18868017,
1520540380.05,55.6114753087,1700,41.3303852081,-5.61147530874,1917.10825078,
1520540380.26,39.0624205271,1700,20.7715034485,10.9375794729,2086.45078802,
1520540380.46,25.5704840024,1700,14.6095633507,24.4295159976,2003.80958287,
1520540380.66,16.3091739019,1700,13.5464549065,33.6908260981,1883.79520925,
1520540380.87,18.1028286616,1575,26.1524677277,31.8971713384,1552.34595744,
1520540381.08,27.0206729571,1575,41.3630962372,22.9793270429,1334.18873787,
1520540381.28,41.8960134188,1575,58.1724762917,8.10398658117,1146.86280807,
1520540381.49,55.323890845,1575,66.4361000061,-5.32389084498,1182.01701705,
1520540381.7,64.3166979154,1575,68.3415174484,-14.3166979154,1309.10077556,
1520540381.91,65.5515392621,1575,61.8770003319,-15.5515392621,1540.47678089,
1520540382.11,62.0541850726,1684,55.9440374374,-12.0541850726,1684.05889209,
1520540382.32,51.5471299489,1700,36.8203520775,-1.54712994893,1900.59226799,
1520540382.53,38.3018891017,1700,22.1412777901,11.6981108983,1991.15290864,
1520540382.73,24.1066654523,1700,13.3583664894,25.8933345477,2029.20526028,
1520540382.94,17.0070091883,1700,15.5213832855,32.9929908117,1821.91775211,
1520540383.14,19.1673000654,1575,28.6221504211,30.8326999346,1544.05647135,
1520540439.36,7.89971351624,1575,23.6991405487,42.1002864838,1547.52419329,
1520540439.56,17.3095862071,1575,28.2296180725,32.6904137929,1398.85487302,
1520540439.77,27.2223909696,1575,29.7384142876,22.7776090304,1381.70054491,
1520540439.97,28.1151294708,1607,26.3773560524,21.8848705292,1607.97965058,
1520540440.18,24.7595230738,1700,18.1627988815,25.2404769262,1717.71606549,
1520540440.38,17.8765773773,1700,9.08957719803,32.1234226227,1811.95672075,
1520540440.58,11.1939867338,1700,6.3295841217,38.8060132662,1813.28575961,
1520540440.79,11.3370974859,1644,18.5921311378,38.6629025141,1644.87713242,
1520540441.0,21.1981097857,1575,38.6726140976,28.8018902143,1397.74109975,
1520540441.2,39.3772641818,1575,60.8670473099,10.6227358182,1179.51741886,
1520540441.41,60.4199965795,1575,81.720328331,-10.4199965795,1094.67712959,
1520540441.62,72.0814784368,1575,73.6570596695,-22.0814784368,1320.88661528,
1520540441.83,78.4083366394,1575,79.8476219177,-28.4083366394,1448.75159152,
1520540442.03,77.9681007067,1616,80.399620533,-27.9681007067,1616.51500042,
1520540442.24,84.11368529,1575,92.0938134193,-34.11368529,1446.13531566,
1520540442.45,84.3712846438,1591,80.6204199791,-34.3712846438,1591.1181097,
1520540442.66,80.5413683256,1693,68.9098715782,-30.5413683256,1693.7714692,
1520540442.87,67.41061608,1700,52.7015566826,-17.41061608,1933.12618176,
1520540443.07,52.6102383931,1700,36.2192869186,-2.61023839315,1983.5904301,
1520540443.28,39.8093223572,1700,30.5071234703,10.1906776428,1941.89587911,
1520540443.48,33.0245097478,1700,32.3471188545,16.9754902522,1796.58271043,
1520540443.69,35.0771268209,1575,42.3771381378,14.9228731791,1575.31077051,
1520540443.9,43.8477714856,1575,56.8190574646,6.15222851435,1402.46682763,
1520540444.11,57.7894846598,1575,74.1722583771,-7.78948465983,1264.35771791,
1520540444.31,71.5553760529,1575,83.6748123169,-21.5553760529,1259.20040504,
1520540444.52,82.3309342066,1575,89.145731926,-32.3309342066,1325.55354508,
1520540444.73,83.5889458656,1575,77.946293354,-33.5889458656,1560.7220637,
1520540444.94,80.0793250402,1680,73.1459498405,-30.0793250402,1680.2138888,
1520540445.15,69.8407729467,1700,58.4300756454,-19.8407729467,1853.38985538,
1520540445.35,58.3564758301,1700,43.4934020042,-8.35647583008,1890.92267068,
1520540445.56,45.6823150317,1700,35.1234674454,4.31768496831,1928.5328203,
1520540445.77,37.6503944397,1700,34.3343138695,12.3496055603,1818.03694383,
1520540445.97,37.0043516159,1634,41.5552735329,12.9956483841,1634.55736423,
1520540446.18,42.2013163567,1575,50.7143616676,7.79868364334,1485.83191729,
1520540446.39,52.9714226723,1575,66.6446328163,-2.97142267227,1339.86302876,
1520540446.6,63.684284687,1575,73.6938595772,-13.684284687,1334.045362,
1520540446.8,73.407638073,1575,79.8844218254,-23.407638073,1351.5446074,
1520540447.01,76.9118070602,1575,77.1571397781,-26.9118070602,1503.30700755,
1520540447.22,75.9168465932,1614,70.7089781761,-25.9168465932,1614.82720939,
1520540447.43,67.428334554,1700,54.4188857079,-17.428334554,1806.21340585,
1520540447.63,53.9895534515,1700,36.8407964706,-3.98955345154,1937.79402788,
1520540447.84,37.6340389252,1700,21.642434597,12.3659610748,2021.26762986,
1520540448.04,25.0798185666,1700,16.7562246323,24.9201814334,1935.26301877,
1520540448.25,17.8697625796,1700,15.2106285095,32.1302374204,1807.91275732,
1520540448.45,21.2771614393,1575,31.864631176,28.7228385607,1542.15531715,
1520540448.66,29.1768749555,1575,40.455365181,20.8231250445,1426.35701013,
1520540448.87,44.309814771,1575,60.6094479561,5.69018522898,1236.78799987,
1520540449.07,38.4436368942,1700,14.2660975456,11.5563631058,1765.97903069,
1520540449.28,48.3673453331,1575,70.2264904976,1.6326546669,1365.37560701,
1520540449.49,50.584880511,1575,67.2620534897,-0.584880510966,1556.6643246,
1520540449.7,68.7531312307,1575,68.7708497047,-18.7531312307,1145.87029775,
1520540449.91,66.3243373235,1661,62.9401087761,-16.3243373235,1661.27422953,
1520540450.11,61.150542895,1700,51.7406702042,-11.150542895,1732.33448664,
1520540450.32,50.7865985235,1700,37.6790165901,-0.786598523458,1868.25940593,
1520540450.52,39.3254717191,1700,28.556728363,10.6745282809,1903.20611453,
1520540450.73,31.2144994736,1700,27.4077534676,18.7855005264,1825.44596394,
1520540450.93,29.7111550967,1662,33.1689834595,20.2888449033,1662.37460454,
1520540451.14,35.4901035627,1575,45.893573761,14.5098964373,1477.72050818,
1520540451.35,47.1502224604,1575,62.3881101608,2.84977753957,1323.8661627,
1520540451.55,61.6589268049,1575,76.6950964928,-11.6589268049,1243.24676832,
1520540451.76,74.0809400876,1575,83.1596136093,-24.0809400876,1286.51598048,
1520540451.97,77.8099973996,1575,73.5752820969,-27.8099973996,1499.93384552,
1520540452.18,71.0865179698,1700,56.5246582031,-21.0865179698,1764.01616065,
1520540452.38,55.0690174103,1700,35.1071119308,-5.06901741028,2005.67304818,
1520540452.58,34.3915581703,1700,11.542904377,15.6084418297,2135.51499724,
1520540452.79,17.4935857455,1700,5.83074092865,32.5064142545,2053.11699518,
1520540452.99,11.6792003314,1700,17.6639556885,38.3207996686,1781.81519914,
1520540453.2,20.5288966497,1575,38.0919933319,29.4711033503,1411.67160424,
1520540453.4,38.2105708122,1575,58.8757634163,11.7894291878,1180.97051938,
1520540453.61,59.5913171768,1575,81.8061947823,-9.59131717682,1075.08978748,
1520540453.82,78.2611370087,1575,94.1014528275,-28.2611370087,1129.96539068,
1520540454.03,91.4791186651,1575,98.5297083855,-41.4791186651,1255.84180895,
1520540454.24,95.2231685321,1575,93.0383443832,-45.2231685321,1487.73028366,
1520540454.45,91.398704052,1676,82.6280593872,-41.398704052,1676.75389878,
1520540454.66,79.7249555588,1700,63.5084629059,-29.7249555588,1878.20675087,
1520540454.86,63.7633363406,1700,45.1534867287,-13.7633363406,1994.15469035,
1520540455.07,46.7672308286,1700,31.6397428513,3.2327691714,2030.40847715,
1520540455.28,34.1734846433,1700,25.72722435,15.8265153567,1928.85533261,
1520540455.48,28.0865073204,1700,26.89255476,21.9134926796,1771.15310701,
1520540455.69,28.6589503288,1605,33.3570718765,21.3410496712,1605.6045959,
1520540455.89,33.7455153465,1575,40.9869194031,16.2544846535,1490.67487574,
1520540456.1,41.2976741791,1575,49.5490312576,8.70232582092,1425.02587461,
1520540456.3,46.8135714531,1575,49.9047636986,3.18642854691,1472.81406093,
1520540456.51,48.860736688,1575,47.1284151077,1.13926331202,1558.37241856,
1520540456.72,44.2580223083,1700,35.7408881187,5.74197769165,1727.72555621,
1520540456.92,34.443350633,1700,20.4607486725,15.556649367,1864.84669058,
1520540457.13,20.1459050179,1700,4.23607826233,29.8540949821,1987.28575214,
1520540457.33,11.8223110835,1700,10.7701063156,38.1776889165,1845.22427781,
1520540457.54,14.5318746567,1575,28.5894393921,35.4681253433,1569.8976895,
1520540457.74,29.6239256859,1575,49.5122313499,20.3760743141,1252.50283694,
1520540457.95,46.8367417653,1575,62.408554554,3.16325823466,1189.34581653,
1520540458.16,59.722161293,1575,67.2456979752,-9.72216129303,1289.21614893,
1520540458.36,64.2785350482,1575,63.1813526154,-14.2785350482,1493.85175689,
1520540458.57,60.7525587082,1697,51.8306255341,-10.7525587082,1697.38094155,
1520540458.78,50.7429838181,1700,37.2169733047,-0.742983818054,1865.43207121,
1520540458.98,36.0911687215,1700,19.2259073257,13.9088312785,1991.1136953,
1520540459.19,23.1021642685,1700,12.863612175,26.8978357315,1958.95070203,
1520540496.06,8.36993455887,1575,25.1098036766,41.6300654411,1562.82774496,
1520540496.26,17.865673701,1575,28.4872174263,32.134326299,1445.26696428,
1520540496.47,27.0588358243,1575,27.5794863701,22.9411641757,1447.63790051,
1520540496.67,27.2919019063,1628,25.8090019226,22.7080980937,1628.51662954,
1520540496.88,22.7586984634,1700,14.8876070976,27.2413015366,1728.74124622,
1520540497.08,15.7258272171,1700,6.48087263107,34.2741727829,1785.69625886,
1520540497.28,9.66065724691,1700,7.61349201202,40.3393427531,1773.20848274,
1520540497.49,13.0844116211,1584,25.1588702202,36.9155883789,1584.3289903,
1520540497.7,25.8785128593,1575,44.8631763458,24.1214871407,1391.17531125,
1520540497.9,45.9044774373,1575,67.691385746,4.09552256266,1234.85010751,
1520540498.11,65.0158961614,1575,82.4931263924,-15.0158961614,1240.47290166,
1520540498.32,81.0456633568,1575,92.952477932,-31.0456633568,1290.00441885,
1520540498.53,88.2202823957,1575,89.2152428627,-38.2202823957,1459.74498796,
1520540498.74,89.6541158358,1575,86.7946267128,-39.6541158358,1570.52807061,
1520540498.94,83.7443232536,1700,75.2231001854,-33.7443232536,1718.24692074,
1520540499.15,73.1514016787,1700,57.436478138,-23.1514016787,1816.41314141,
1520540499.36,57.1339011192,1700,38.7421250343,-7.13390111923,1933.94450935,
1520540499.56,41.5252884229,1700,28.3972620964,8.4747115771,1935.80989663,
1520540499.77,30.7551821073,1700,25.1261591911,19.2448178927,1847.04141823,
1520540499.97,27.8343598048,1693,29.9796581268,22.1656401952,1693.58148257,
1520540500.18,31.0822923978,1575,38.1410598755,18.9177076022,1569.77104171,
1520540500.38,40.5425945918,1575,53.507065773,9.45740540822,1440.60406081,
1520540500.59,52.2449652354,1575,65.0867700577,-2.24496523539,1388.56167221,
1520540500.8,63.7347141902,1575,72.6103067398,-13.7347141902,1384.82147948,
1520540501.01,69.7603583336,1575,71.5839982033,-19.7603583336,1488.90736055,
1520540501.21,70.1883276304,1598,66.370677948,-20.1883276304,1598.9890097,
1520540501.42,63.6502106984,1700,52.9959559441,-13.6502106984,1741.14158758,
1520540501.63,52.0568768183,1700,36.803996563,-2.05687681834,1849.03737672,
1520540501.83,37.0670477549,1700,21.4011907578,12.9329522451,1926.99581401,
1520540502.03,24.1516431173,1700,14.2497420311,25.8483568827,1895.32443682,
1520540502.24,17.7211999893,1700,17.5126671791,32.2788000107,1772.06577651,
1520540502.44,20.3503489494,1591,29.2886376381,29.6496510506,1591.66841745,
1520540502.65,31.2294920286,1575,46.8871712685,18.7705079714,1421.64268986,
1520540502.86,47.6981321971,1575,66.9185876846,2.30186780294,1300.1557134,
1520540503.07,60.3273153305,1575,67.1761870384,-10.3273153305,1368.54115899,
1520540503.27,69.7031140327,1575,75.0145673752,-19.7031140327,1426.40711927,
1520540503.48,74.8660047849,1575,82.4072599411,-24.8660047849,1505.57826344,
1520540503.69,76.1989792188,1579,71.1751103401,-26.1989792188,1579.28088681,
1520540503.9,69.9784318606,1700,56.3529253006,-19.9784318606,1732.48537652,
1520540504.1,54.1367530823,1700,34.8822236061,-4.13675308228,1934.08207194,
1520540504.31,34.6368908882,1700,12.6755237579,15.3631091118,2020.1747063,
1520540504.51,17.6993926366,1700,5.54043054581,32.3006073634,1981.67397499,
1520540504.72,10.7428471247,1700,14.0125870705,39.2571528753,1789.36941973,
1520540504.92,17.8711255391,1575,34.0603590012,32.1288744609,1505.96628412,
1520540505.13,35.6672883034,1575,58.9289188385,14.3327116966,1283.0775164,
1520540505.34,58.0648024877,1575,81.2051296234,-8.06480248769,1176.96679529,
1520540505.55,77.695508798,1575,92.952477932,-27.695508798,1218.30888828,
1520540505.76,90.980275472,1575,98.7832188606,-40.980275472,1333.97839896,
1520540505.97,95.0105468432,1575,93.295943737,-45.0105468432,1513.04929845,
1520540506.17,91.3414597511,1665,81.9452166557,-41.3414597511,1665.93060319,
1520540506.38,79.81082201,1700,64.1913056374,-29.81082201,1827.69513305,
1520540506.59,63.603870074,1700,44.6750879288,-13.603870074,1929.85727851,
1520540506.79,46.2302247683,1700,29.8242807388,3.76977523168,1963.9169151,
1520540507.0,32.3225855827,1700,22.4683880806,17.6774144173,1904.35556936,
1520540507.2,25.0402927399,1700,22.8282094002,24.9597072601,1778.21479479,
1520540507.41,24.6859232585,1641,28.7611722946,25.3140767415,1641.89407539,
1520540507.61,30.7674487432,1575,40.7129645348,19.2325512568,1511.06586488,
1520540507.82,41.1940892537,1575,54.1081309319,8.80591074626,1418.61205292,
1520540508.03,52.3131132126,1575,62.1182441711,-2.31311321259,1397.90792052,
1520540508.23,56.7209243774,1575,53.9363980293,-6.72092437744,1528.94981575,
1520540508.44,54.1081309319,1670,46.2697505951,-4.10813093185,1670.60093355,
1520540508.64,43.0804252625,1700,29.0351271629,6.91957473755,1846.06936741,
1520540508.85,29.5148889224,1700,13.2397890091,20.4851110776,1906.60411151,
1520540509.05,15.5268351237,1700,4.30558919907,34.4731648763,1926.20514615,
1520540509.25,10.6051882108,1700,14.2701864243,39.3948117892,1750.98158153,
1520540509.46,16.7044321696,1575,31.5375208855,33.2955678304,1529.56786315,
1520540509.66,33.3856940269,1575,54.3493747711,16.6143059731,1309.24789254,
1520540509.87,53.3707698186,1575,74.2254137993,-3.37076981862,1230.91090679,
1520540510.08,72.1169153849,1575,87.7759575844,-22.1169153849,1242.67247073,
1520540510.29,84.2295368512,1575,90.6872391701,-34.2295368512,1365.3370169,
1520540510.5,86.0245545705,1575,79.6104669571,-36.0245545705,1567.73011684,
1520540510.71,79.0952682495,1700,66.9880986214,-29.0952682495,1744.04614798,
1520540510.91,64.1517798106,1700,45.8567738533,-14.1517798106,1912.16414102,
1520540511.12,45.0294574102,1700,22.2434997559,4.97054258982,2007.6118571,
1520540511.32,25.3360549609,1700,7.9078912735,24.6639450391,2032.82261515,
1520540511.53,12.6169164975,1700,7.69935846329,37.3830835025,1903.95946519,
1520540511.73,11.1762682597,1682,17.9215550423,38.8237317403,1682.35994816,
1520540511.94,33.5846861204,1575,75.1331448555,16.4153138796,1193.24680058,
1520540512.15,50.5862434705,1575,58.7040305138,-0.58624347051,1291.1361769,
1520540512.35,71.1832880974,1575,79.7126889229,-21.1832880974,1205.17354155,
1520540512.56,76.0776758194,1575,89.8163080215,-26.0776758194,1514.20383294,
1520540512.77,88.4029189746,1575,95.6797599792,-38.4029189746,1355.11934487,
1520540512.98,91.5813406308,1575,89.2479538918,-41.5813406308,1532.8222146,
1520540513.19,87.2416774432,1682,76.7973184586,-37.2416774432,1682.8083752,
1520540513.4,74.8019456863,1700,58.3605647087,-24.8019456863,1850.28942998,
1520540513.6,57.514166832,1700,37.3846173286,-7.51416683197,1957.0219059,
1520540513.81,39.4385973612,1700,22.5706100464,10.5614026388,1984.46797212,
1520540514.01,24.6041456858,1700,13.8572096825,25.3958543142,1930.57795556,
1520540514.22,16.8925205866,1700,14.2497420311,33.1074794134,1795.39699745,
1520540514.42,16.8284614881,1645,22.3784327507,33.1715385119,1645.13783598,
1520540514.63,22.9045351346,1575,32.0854306221,27.0954648654,1520.85717408,
1520540514.84,33.8872631391,1575,47.1979260445,16.1127368609,1417.42346907,
1520540515.04,44.9095169703,1575,55.4451942444,5.09048302968,1410.42683887,
1520540515.25,54.4911225637,1575,60.8302474022,-4.49112256368,1433.13155047,
1520540515.46,56.3774585724,1585,52.8569340706,-6.37745857239,1585.39494387,
1520540515.66,52.216343085,1700,42.9618477821,-2.21634308497,1708.66333564,
1520540515.87,39.9197220802,1700,23.940384388,10.0802779198,1879.55784082,
1520540560.31,4.91619507472,1621,14.7485852242,45.0838049253,1621.85223452,
1520540560.51,8.5852821668,1575,11.0072612762,41.4147178332,1542.70336103,
1520540560.72,11.557896932,1575,8.9178442955,38.442103068,1562.79991325,
1520540560.92,9.91144180298,1691,9.80921983719,40.088558197,1691.70975812,
1520540561.12,8.83742968241,1680,7.78522491455,41.1625703176,1680.19120979,
1520540561.33,9.10048087438,1647,9.7069978714,40.8995191256,1647.20463117,
1520540561.53,12.9017750422,1575,21.2131023407,37.0982249578,1552.35915232,
1520540561.74,22.4779287974,1575,36.5136861801,27.5220712026,1392.8940169,
1520540561.94,35.5473478635,1575,48.9152550697,14.4526521365,1291.89041424,
1520540562.15,46.2384025256,1575,53.2862663269,3.76159747442,1349.99254815,
1520540562.36,51.5375892321,1575,52.4112462997,-1.53758923213,1492.27046378,
1520540562.56,49.9006748199,1680,44.0045118332,0.0993251800537,1680.53528865,
1520540562.77,41.9028282166,1700,29.2927265167,8.09717178345,1857.72693952,
1520540562.97,29.1823267937,1700,14.2497420311,20.8176732063,1994.53633436,
1520540563.18,16.7548616727,1700,6.72211647034,33.2451383273,1996.74044434,
1520540563.38,11.3125642141,1700,12.9658341408,38.6874357859,1814.5012908,
1520540563.59,16.0461227099,1575,28.4504175186,33.9538772901,1539.62935511,
1520540563.79,29.7425031662,1575,47.8112578392,20.2574968338,1291.03593365,
1520540564.0,47.8630503019,1575,67.3274755478,2.13694969813,1160.882061,
1520540564.21,64.9736444155,1575,79.7821998596,-14.9736444155,1176.68654458,
1520540564.42,76.282119751,1575,81.7366838455,-26.282119751,1324.45609681,
1520540564.62,79.9716512362,1575,78.3960700035,-29.9716512362,1525.55612977,
1520540564.83,75.6960471471,1700,66.9553875923,-25.6960471471,1741.12446896,
1520540565.04,65.2067104975,1700,50.2686738968,-15.2067104975,1913.97231325,
1520540565.24,50.3422737122,1700,33.8027596474,-0.342273712158,2040.99129709,
1520540565.45,36.0093911489,1700,23.9567399025,13.9906088511,2036.35831134,
1520540565.65,27.4799903234,1700,24.6804714203,22.5200096766,1886.58354568,
1520540565.86,26.1947194735,1693,29.9469470978,23.8052805265,1693.66762129,
1520540566.06,32.0554455121,1575,41.5389180183,17.9445544879,1498.64483404,
1520540566.27,43.299861749,1575,58.4137201309,6.70013825099,1347.07456001,
1520540566.48,58.2883278529,1575,74.9123454094,-8.28832785288,1236.32906771,
1520540566.68,72.149626414,1575,83.1228137016,-22.149626414,1256.67384211,
1520540566.89,80.118850867,1575,82.3213934898,-30.118850867,1408.56880029,
1520540567.1,80.3232947985,1615,75.5256772041,-30.3232947985,1615.66934443,
1520540567.31,73.0641722679,1700,61.3454461098,-23.0641722679,1819.69597864,
1520540567.51,59.7030798594,1700,42.2381162643,-9.70307985942,1991.6895744,
1520540567.72,42.6170190175,1700,24.2674946785,7.38298098246,2103.10599709,
1520540567.92,27.3368795713,1700,15.505027771,22.6631204287,2065.32725271,
1520540568.12,18.1273619334,1700,14.6095633507,31.8726380666,1909.49598551,
1520540568.33,17.0751571655,1692,21.1108803749,32.9248428345,1692.5138483,
1520540568.53,22.3116477331,1575,31.2144994736,27.6883522669,1521.79224809,
1520540568.74,34.1107885043,1575,50.0069856644,15.8892114957,1338.79234505,
1520540568.95,47.3969181379,1575,60.9692692757,2.60308186213,1290.88021453,
1520540569.15,59.7794055939,1575,68.3619618416,-9.77940559387,1307.06670841,
1520540569.36,65.142651399,1575,66.0967230797,-15.142651399,1492.15687339,
1520540569.57,64.6042823792,1650,59.3541622162,-14.6042823792,1650.65515248,
1520540569.77,56.3147624334,1700,43.4934020042,-6.31476243337,1864.40475845,
1520540569.98,42.8173740705,1700,25.604557991,7.18262592951,2013.69024881,
1520540570.18,27.2046724955,1700,12.5160574913,22.7953275045,2081.99495268,
1520540570.39,15.7312790553,1700,9.0732216835,34.2687209447,1979.85916678,
1520540570.59,13.1062189738,1700,17.7293777466,36.8937810262,1745.48070463,
1520540570.8,19.8637723923,1575,32.7887177467,30.1362276077,1490.50650628,
1520540571.0,34.3615730604,1575,52.5666236877,15.6384269396,1274.0722243,
1520540571.21,52.0623286565,1575,70.8316445351,-2.06232865651,1176.80700159,
1520540571.42,68.2815472285,1575,81.4463734627,-18.2815472285,1205.61444632,
1520540571.63,78.5310029984,1575,83.3149909973,-28.5310029984,1358.36588828,
1520540571.84,80.6163311005,1575,77.0876288414,-30.6163311005,1575.09683196,
1520540572.04,74.5048205058,1700,63.1118416786,-24.5048205058,1798.11799749,
1520540572.25,60.9679063161,1700,42.7042484283,-10.9679063161,2005.84861056,
1520540572.45,41.9600725174,1700,20.0641274452,8.0399274826,2165.61133448,
1520540572.66,23.1348752975,1700,6.63625001907,26.8651247025,2174.12447516,
1520540572.86,12.0035847028,1700,9.31037664413,37.9964152972,1976.10748386,
1520540573.07,13.0162636439,1650,23.1021642685,36.9837363561,1650.57139794,
1520540573.27,24.5237310727,1575,41.1586523056,25.4762689273,1362.34572983,
1520540573.48,41.3603703181,1575,59.8202943802,8.63962968191,1209.04727761,
1520540573.69,58.5213939349,1575,74.5852351189,-8.52139393489,1189.3105739,
1520540573.89,70.1106389364,1575,75.92638731,-20.1106389364,1331.18619839,
1520540574.1,73.8260666529,1575,70.9665775299,-23.8260666529,1539.64392312,
1520540574.31,67.9312666257,1700,56.9008350372,-17.9312666257,1801.22245089,
1520540574.51,54.5197447141,1700,35.6918215752,-4.5197447141,2011.85927534,
1520540574.72,35.0839416186,1700,12.6591682434,14.9160583814,2187.36963383,
1520540574.92,17.9174661636,1700,5.40140867233,32.0825338364,2138.96427552,
1520540575.13,11.6165041924,1700,16.7889356613,38.3834958076,1852.44666831,
1520540575.33,18.4135834376,1575,33.0504059792,31.5864165624,1497.24822124,
1520540575.54,33.4429383278,1575,50.4894733429,16.5570616722,1267.28373082,
1520540575.75,50.2959330877,1575,67.3479199409,-0.295933087667,1207.90998284,
1520540575.95,62.9809975624,1575,71.1055994034,-12.9809975624,1311.79458205,
1520540576.16,69.3269371986,1575,69.5272922516,-19.3269371986,1477.59723393,
1520540576.37,66.5996551514,1700,59.1660737991,-16.5996551514,1722.8826162,
1520540576.58,56.4578731855,1700,40.6802535057,-6.45787318548,1928.64255333,
1520540576.78,40.3367877007,1700,21.1640357971,9.66321229935,2100.52945662,
1520540576.98,23.5028743744,1700,8.66433382034,26.4971256256,2131.99592638,
1520540577.19,12.5542203585,1700,7.83429145813,37.4457796415,1982.65877978,
1520540577.39,10.8559727669,1700,16.0692930222,39.1440272331,1737.04827706,
1520540577.6,18.7147974968,1575,32.2408080101,31.2852025032,1476.79484574,
1520540577.81,33.1158280373,1575,51.0373830795,16.8841719627,1292.86540429,
1520540578.01,50.6543914477,1575,68.6849832535,-0.654391447703,1197.57652744,
1520540578.22,65.7069166501,1575,77.3983836174,-15.7069166501,1254.4114906,
1520540578.43,74.6084054311,1575,77.7418494225,-24.6084054311,1413.17990828,
1520540578.64,74.4775613149,1655,68.2924509048,-24.4775613149,1655.17319806,
1520540578.84,65.4629468918,1700,50.3545403481,-15.4629468918,1899.20672925,
1520540579.05,48.4845598539,1700,26.8066883087,1.51544014613,2124.53685729,
1520540579.25,27.2700945536,1700,4.64905500412,22.7299054464,2253.45804199,
1520540579.46,15.5445535978,1700,15.1779174805,34.4554464022,2007.04884497,
1520540579.66,17.5044894218,1638,32.6864957809,32.4955105782,1638.96465127,
1520540579.87,33.3339015643,1575,52.1372914314,16.6660984357,1256.32443126,
1520540580.08,52.8392155965,1575,73.6938595772,-2.83921559652,1145.14475457,
1520540580.29,70.8411852519,1575,86.692404747,-20.8411852519,1173.26657613,
1520540628.55,3.79584232966,1685,11.387526989,46.2041576703,1685.84847649,
1520540628.75,7.11737473806,1579,9.96459722519,42.8826252619,1579.96268789,
1520540628.96,10.3407740593,1591,9.67019796371,39.6592259407,1591.58104897,
1520540629.16,12.2093915939,1641,16.9933795929,37.7906084061,1641.69306755,
1520540629.37,14.5414153735,1636,16.9606685638,35.4585846265,1636.09643181,
1520540629.57,17.2223567963,1632,17.7130222321,32.7776432037,1632.78125405,
1520540629.78,17.2686974208,1700,17.1324014664,32.7313025792,1721.59232815,
1520540629.98,17.8465922674,1700,18.6943531036,32.1534077326,1714.71382896,
1520540630.18,19.7397430738,1682,23.3924746513,30.2602569262,1682.44107644,
1520540630.39,24.8222192128,1589,32.3798298836,25.1777807872,1589.23217456,
1520540630.6,34.5810095469,1575,47.9707241058,15.4189904531,1443.80965551,
1520540630.8,46.7072606087,1575,59.7712278366,3.29273939133,1361.64740443,
1520540631.01,57.3274413745,1575,64.2403721809,-7.32744137446,1394.01110013,
1520540631.22,61.7924968402,1575,61.3658905029,-11.7924968402,1570.66205462,
1520540631.43,59.722161293,1700,53.5602211952,-9.72216129303,1765.87747216,
1520540631.63,50.3490885099,1700,36.1211538315,-0.349088509878,1994.22793547,
1520540631.84,36.6050044696,1700,20.133638382,13.3949955304,2143.12085589,
1520540632.04,22.993127505,1700,12.7245903015,27.006872495,2160.86858233,
1520540632.25,16.3486997286,1700,16.1878705025,33.6513002714,1968.58492454,
1520540632.45,18.2936429977,1700,25.9684681892,31.7063570023,1718.47075701,
1520540632.66,27.7089675268,1575,40.9705638885,22.2910324732,1491.63130442,
1520540632.87,42.5107081731,1575,60.5930924416,7.48929182688,1317.4838678,
1520540633.08,59.534072876,1575,77.0385622978,-9.53407287598,1230.95155954,
1520540633.29,74.6779163678,1575,86.4020943642,-24.6779163678,1264.78997747,
1520540633.49,82.0569793383,1575,82.730281353,-32.0569793383,1480.73723634,
1520540633.7,83.2809170087,1654,80.710375309,-33.2809170087,1654.18278257,
1520540633.91,76.2262384097,1700,65.238058567,-26.2262384097,1901.72807773,
1520540634.12,66.63372914,1700,53.9527535439,-16.63372914,1982.46538838,
1520540634.32,49.2314616839,1700,28.5035729408,0.768538316091,2234.39096292,
1520540634.53,33.8600039482,1700,19.12368536,16.1399960518,2193.68012786,
1520540634.73,21.1749394735,1700,15.8975601196,28.8250605265,2134.42091266,
1520540634.94,18.1518952052,1700,19.434440136,31.8481047948,1857.13778218,
1520540635.14,21.6110865275,1667,29.5012593269,28.3889134725,1667.72819718,
1520540635.35,30.6434194247,1575,42.9945588112,19.3565805753,1497.30859121,
1520540635.56,43.7278310458,1575,58.6876749992,6.27216895421,1364.54346855,
1520540635.76,56.6691319148,1575,68.3251619339,-6.66913191477,1353.89475067,
1520540635.97,65.7246351242,1575,70.1610684395,-15.7246351242,1456.69578671,
1520540636.18,65.1521921158,1700,56.970345974,-15.1521921158,1741.56095862,
1520540636.38,55.9835632642,1700,40.8192753792,-5.98356326421,2006.82009379,
1520540636.59,39.2614126205,1700,19.9946165085,10.7385873795,2253.36947441,
1520540636.79,23.3352303505,1700,9.19179916382,26.6647696495,2253.41603637,
1520540637.0,11.838666598,1700,6.3295841217,38.161333402,2143.47244461,
1520540637.2,11.4447712898,1700,18.812930584,38.5552287102,1822.35285521,
1520540637.41,19.3622032801,1575,32.9440951347,30.6377967199,1574.28694328,
1520540637.61,34.3915581703,1575,51.4176487923,15.6084418297,1350.58243394,
1520540637.82,48.4259525935,1575,60.9161138535,1.57404740651,1366.86906775,
1520540638.03,58.4818681081,1575,63.1118416786,-8.48186810811,1473.62295906,
1520540638.24,59.4536582629,1700,54.3330192566,-9.45365826289,1742.33883222,
1520540638.44,52.1073063215,1700,38.8770580292,-2.10730632146,1998.59725515,
1520540638.65,38.3809407552,1700,21.9327449799,11.6190592448,2207.20974723,
1520540638.85,23.6936887105,1700,10.2712631226,26.3063112895,2258.61548702,
1520540639.05,13.6609435081,1700,8.77882242203,36.3390564919,2139.9147439,
1520540639.26,11.5524450938,1700,15.6072497368,38.4475549062,1915.83010515,
1520540639.47,17.7089333534,1671,28.7407279015,32.2910666466,1671.41133666,
1520540639.67,29.1591564814,1575,43.129491806,20.8408435186,1507.40132054,
1520540639.88,44.0385858218,1575,60.2455377579,5.96141417821,1391.43412908,
1520540640.09,57.9762101173,1575,70.5536007881,-7.97621011734,1403.35779309,
1520540640.3,67.6150600115,1575,72.0460414886,-17.6150600115,1517.39765724,
1520540640.5,68.8103755315,1700,63.8314843178,-18.8103755315,1763.86526028,
1520540640.71,60.9161138535,1700,46.8708157539,-10.9161138535,2041.17200375,
1520540640.91,45.8254257838,1700,26.7739772797,4.17457421621,2273.40785583,
1520540641.12,28.6984761556,1700,12.4506354332,21.3015238444,2358.01310937,
1520540641.32,14.7717555364,1700,5.09065389633,35.2282444636,2286.50143305,
1520540641.53,9.3744357427,1700,10.5820178986,40.6255642573,2048.20439736,
1520540641.73,12.272087733,1700,21.143591404,37.727912267,1807.77596553,
1520540641.94,21.9518264135,1603,34.1298699379,28.0481735865,1603.04807822,
1520540642.14,35.4601184527,1575,51.1068940163,14.5398815473,1479.04514988,
1520540642.35,51.5416781108,1575,69.3882703781,-1.54167811076,1385.30305823,
1520540642.56,63.215426604,1575,69.1511154175,-13.215426604,1501.8990167,
1520540642.77,68.7367757161,1675,67.6709413528,-18.7367757161,1675.3286163,
1520540642.98,63.5861515999,1700,53.9363980293,-13.5861515999,1996.56259179,
1520540643.18,51.9628326098,1700,34.2811584473,-1.96283260981,2201.77790721,
1520540643.39,34.8072608312,1700,16.204226017,15.1927391688,2389.4588844,
1520540643.59,18.4231241544,1700,4.78398799896,31.5768758456,2392.17303077,
1520540643.8,10.1744929949,1700,9.53526496887,39.8255070051,2168.30414852,
1520540644.0,12.2216582298,1700,22.3457217216,37.7783417702,1868.71659398,
1520540644.21,22.4547584852,1621,35.483288765,27.5452415148,1621.16901557,
1520540644.41,34.2593510946,1575,44.9490427971,15.7406489054,1566.94184701,
1520540644.62,44.9108799299,1592,54.3003082275,5.08912007014,1592.40896742,
1520540644.83,51.0046720505,1700,53.7646651268,-1.00467205048,1722.74587512,
1520540645.03,50.5876064301,1700,43.6978459358,-0.587606430054,1918.31239104,
1520540645.24,43.1199510892,1700,31.897342205,6.88004891078,2139.36175267,
1520540645.44,31.646557649,1700,19.3444848061,18.353442351,2276.5133218,
1520540645.65,21.2417244911,1700,12.4833464622,28.7582755089,2263.48882914,
1520540645.85,13.5410030683,1700,8.79517793655,36.4589969317,2201.00389759,
1520540646.06,11.357541879,1700,12.7941012383,38.642458121,2049.26228921,
1520540646.26,13.7018322945,1700,19.5162177086,36.2981677055,1921.97490096,
1520540646.47,20.4266746839,1700,28.9697051048,29.5733253161,1792.70549695,
1520540646.67,28.4694989522,1700,36.9225740433,21.5305010478,1751.58236663,
1520540646.88,37.1024847031,1700,45.4151749611,12.8975152969,1729.11379099,
1520540647.09,44.9967463811,1700,52.652490139,5.00325361888,1744.88222758,
1520540647.29,52.8978228569,1700,60.6258034706,-2.8978228569,1735.90736032,
1520540647.5,59.4359397888,1700,65.0295257568,-9.43593978882,1767.42724776,
1520540647.71,64.225379626,1700,67.0208096504,-14.225379626,1810.83050688,
1520540647.92,66.5124257406,1700,67.4869418144,-16.5124257406,1878.66154472,
1520540648.12,66.7318622271,1700,65.6878352165,-16.7318622271,1935.45083841,
1520540648.33,65.8473014832,1700,64.3671274185,-15.8473014832,1964.70112562,
1520540648.54,63.6570254962,1700,60.9161138535,-13.6570254962,2001.96575125,
1520540722.42,3.20704380671,1667,9.62113142014,46.7929561933,1667.27905591,
1520540722.62,5.45456409454,1610,6.74256086349,44.5454359055,1610.04453421,
1520540722.82,8.92465909322,1591,10.410284996,41.0753409068,1591.72605117,
1520540723.03,11.5715265274,1614,17.5617337227,38.4284734726,1614.2881767,
1520540723.23,16.9088761012,1575,22.7546095848,33.0911238988,1563.89434894,
1520540723.44,21.1217840513,1589,23.0490088463,28.8782159487,1589.63107983,
1520540723.64,22.6360321045,1648,22.1044778824,27.3639678955,1648.16852252,
1520540723.85,20.0246016184,1700,14.9203181267,29.9753983816,1738.24403127,
1520540724.05,14.7826592127,1700,7.32318162918,35.2173407873,1801.04290326,
1520540724.25,10.3407740593,1700,8.77882242203,39.6592259407,1795.6387345,
1520540724.46,12.8458937009,1662,22.4356770515,37.1541062991,1662.62638807,
1520540724.66,23.8504290581,1575,40.3367877007,26.1495709419,1491.26526674,
1520540724.87,40.9719268481,1575,60.1433157921,9.02807315191,1360.45873404,
1520540725.08,59.1088294983,1575,76.8463850021,-9.10882949829,1327.44672934,
1520540725.29,73.0287353198,1575,82.0965051651,-23.0287353198,1398.82897536,
1520540725.49,78.6264101664,1575,76.936340332,-28.6264101664,1556.18970791,
1520540725.7,75.1753966014,1700,66.4933443069,-25.1753966014,1734.19900497,
1520540725.91,64.6056453387,1700,50.3872513771,-14.6056453387,1879.99448061,
1520540726.11,49.4100093842,1700,31.3494324684,0.589990615845,1981.74755414,
1520540726.32,34.5741947492,1700,21.9859004021,15.4258052508,1986.53777758,
1520540726.52,23.3134229978,1700,16.6049361229,26.6865770022,1927.13069836,
1520540726.73,19.8842167854,1700,21.0618138313,30.1157832146,1778.58006795,
1520540726.93,22.5092768669,1661,29.8610806465,27.4907231331,1661.41785065,
1520540727.14,31.9518605868,1575,44.9326872826,18.0481394132,1523.01145554,
1520540727.35,45.0608054797,1575,60.38864851,4.93919452031,1442.80670404,
1520540727.56,59.9061608315,1575,74.3971467018,-9.90616083145,1397.19004949,
1520540727.77,71.5853611628,1575,79.9702882767,-21.5853611628,1449.18855747,
1520540727.97,76.4484008153,1577,74.9777674675,-26.4484008153,1577.30426709,
1520540728.18,72.8065729141,1700,63.4716629982,-22.8065729141,1745.02540032,
1520540728.39,61.0987504323,1700,44.8468208313,-11.0987504323,1911.15023534,
1520540728.59,44.3438887596,1700,24.7131824493,5.65611124039,2023.27515841,
1520540728.8,26.536822319,1700,10.0504636765,23.463177681,2059.69612916,
1520540729.0,14.4814451536,1700,8.68068933487,35.5185548464,1958.99928093,
1520540729.21,11.2853050232,1700,15.1247620583,38.7146949768,1791.4751633,
1520540729.41,18.0414954821,1594,30.3190350533,31.9585045179,1594.76653814,
1520540729.62,31.3153584798,1575,48.5022783279,18.6846415202,1460.18569787,
1520540729.83,48.8948106766,1575,67.8631186485,1.10518932343,1363.74728044,
1520540730.03,61.9356075923,1575,69.4414258003,-11.9356075923,1444.30878639,
1520540730.24,66.7195955912,1603,62.8542423248,-16.7195955912,1603.23065281,
1520540730.45,58.9330077171,1700,44.5033550262,-8.93300771713,1857.52752145,
1520540730.65,43.9608971278,1700,24.5250940323,6.03910287221,2011.42906268,
1520540730.86,24.5646198591,1700,4.66541051865,25.4353801409,2116.63723866,
1520540731.06,14.5782152812,1700,14.5441412926,35.4217847188,1941.51598454,
1520540731.27,17.0424461365,1697,31.9177865982,32.9575538635,1697.61624813,
1520540731.47,31.9000681241,1575,49.2382764816,18.0999318759,1444.45383867,
1520540731.68,50.9760499001,1575,71.7720866203,-0.976049900055,1348.44584386,
1520540731.89,65.5815243721,1575,75.7342100143,-15.5815243721,1425.97640038,
1520540732.1,77.7691086133,1575,85.8010292053,-27.7691086133,1461.46783272,
1520540732.3,79.186586539,1670,76.0245203972,-29.186586539,1670.18215497,
1520540732.51,73.3612974485,1700,58.2583427429,-23.3612974485,1813.86040926,
1520540732.72,56.2125404676,1700,34.3547582626,-6.21254046758,2049.37651316,
1520540732.92,36.3133311272,1700,16.3268923759,13.6866688728,2119.06241973,
1520540733.12,18.5580571493,1700,4.99252080917,31.4419428507,2093.12526544,
1520540733.33,10.1990262667,1700,9.27766561508,39.8009737333,1918.17601681,
1520540733.53,12.4560872714,1700,23.0980753899,37.5439127286,1712.00872501,
1520540733.74,23.3175118764,1575,37.5767946243,26.6824881236,1538.74109586,
1520540733.94,38.1465117137,1575,53.7646651268,11.8534882863,1452.86288897,
1520540734.15,52.8283119202,1575,67.1434760094,-2.82831192017,1446.43213908,
1520540734.36,61.5171790123,1575,63.6433959007,-11.5171790123,1558.77404531,
1520540734.57,59.9047978719,1700,48.9275217056,-9.90479787191,1763.78547907,
1520540734.77,47.1229632696,1700,28.7979722023,2.87703673045,1995.41905642,
1520540734.97,27.3205240568,1700,4.23607826233,22.6794759432,2152.24850734,
1520540735.18,15.6358718872,1700,13.873565197,34.3641281128,2003.7763834,
1520540735.38,15.6222422918,1700,28.757083416,34.3777577082,1777.23966122,
1520540735.59,28.7598093351,1575,43.6487793922,21.2401906649,1510.58122635,
1520540735.79,43.7946160634,1575,58.9779853821,6.20538393656,1464.8566254,
1520540736.0,57.0125977198,1575,68.4110283852,-7.01259771983,1491.8598183,
1520540736.21,62.9564642906,1631,61.4803791046,-12.9564642906,1631.18450721,
1520540736.41,58.4409793218,1700,45.4315304756,-8.4409793218,1841.39263312,
1520540736.62,43.828690052,1700,24.5741605759,6.17130994797,2053.33035469,
1520540736.82,24.89036719,1700,4.66541051865,25.10963281,2156.23594681,
1520540737.03,14.2224828402,1700,13.4278774261,35.7775171598,2004.38341061,
1520540737.23,15.0756955147,1700,27.1337985992,34.9243044853,1780.43440342,
1520540737.44,26.0066310565,1577,37.458217144,23.9933689435,1577.12005854,
1520540737.64,37.9884084066,1575,49.3732094765,12.0115915934,1551.31647428,
1520540737.85,46.1061954498,1624,51.487159729,3.89380455017,1624.5043691,
1520540738.05,48.6440261205,1700,45.071709156,1.3559738795,1734.85199293,
1520540738.26,41.7092879613,1700,28.5689949989,8.29071203868,1930.12235483,
1520540738.47,28.2118995984,1700,10.9949946404,21.7881004016,2073.831412,
1520540738.67,15.7721678416,1700,7.7525138855,34.2278321584,2066.98768536,
1520540738.87,12.0458364487,1700,17.3900008202,37.9541635513,1902.54630963,
1520540739.08,17.2468900681,1700,26.5981554985,32.7531099319,1727.4285992,
1520540739.28,26.2274305026,1651,34.6941351891,23.7725694974,1651.20505253,
1520540739.49,33.543797334,1683,39.3391013145,16.456202666,1683.38994503,
1520540739.7,39.1755461693,1700,43.4934020042,10.8244538307,1715.86814642,
1520540739.9,40.9582972527,1700,40.0423884392,9.04170274734,1793.58679136,
1520540740.11,40.2100324631,1700,37.0943069458,9.78996753693,1846.6140612,
1520540740.31,35.4887406031,1700,29.3295264244,14.5112593969,1931.8096296,
1520540740.52,30.4825901985,1700,25.0239372253,19.5174098015,1944.4139727,
1520540740.73,23.6459851265,1700,16.5844917297,26.3540148735,1990.39583206,
1520540740.93,17.4758672714,1700,10.8191728592,32.5241327286,1987.27298498,
1520540741.13,11.1980756124,1700,6.19056224823,38.8019243876,2000.95352093,
1520540741.34,8.10552040736,1700,7.30682611465,41.8944795926,1947.4832209,
1520540741.54,8.15867582957,1700,10.9786391258,41.8413241704,1892.90537993,
1520540741.75,12.1712287267,1700,18.2282209396,37.8287712733,1818.87565295,
1520540741.95,17.3790971438,1700,22.930431366,32.6209028562,1798.36880207,
1520540742.16,22.4833806356,1700,26.2914896011,27.5166193644,1802.88125436,
1520540742.36,25.2910772959,1700,26.6513109207,24.7089227041,1852.07015753,
